"0","library(palmerpenguins)"
"0",""
"0","species_names<-levels(penguins$species)"
"0","mean_bill_length <- numeric(length(species_names))"
"0","names(mean_bill_length)<- species_names"
"0",""
"0","for (this_species in species_names){"
"0","  mean_bill_length[this_species]<-"
"0","    mean(subset(penguins, species == this_species)$bill_length_mm,"
"0","         na.rm=T)"
"0",""
"0","  }"
"0","print(mean_bill_length)"
"1","   Adelie "
"1","Chinstrap "
"1","   Gentoo "
"1","
"
"1","       39 "
"1","       49 "
"1","       48 "
"1","
"
"0","mean_bill_length<-NULL"
"0",""
"0","for (this_species in levels(penguins$species)){"
"0","  mean_bill_length[this_species]<-"
"0","    mean(subset(penguins, species == this_species)$bill_length_mm,"
"0","         na.rm=T)"
"0","  }"
