"0","warning(""test!"")"
"2","Advarsel: test!"
"0","options(digits = 2)"
"0","set.seed(69420) #nice!"
"0",""
"0","#packages <- list(""here"",""palmerpenguins"",""data.table"",""tidyverse"",""dplyr"")"
"0","#lapply(packages,FUN=install.packages) ## Knitting install.pacakges really doesnt work well."
"0","library(""here"")"
"2","Advarsel: pakke ‘here’ blev bygget under R version 4.3.3"
"2","here() starts at H:/Dokumenter/PhD/Statistik/rprogramming
"
"0","#lapply(packages, character.only=T,FUN=library)"
"0",""
