{"chunk_definitions":[{"row":20,"row_count":1,"visible":true,"expansion_state":0,"options":{"engine":"r","label":"unnamed-chunk-1"},"document_id":"D66B5558","chunk_id":"cekp7z23z1hxy","chunk_label":"unnamed-chunk-1"},{"row":50,"row_count":1,"visible":true,"expansion_state":0,"options":{"engine":"r","label":"repeat"},"document_id":"D66B5558","chunk_id":"cz9hftyqlrbiw","chunk_label":"repeat"},{"row":61,"row_count":1,"visible":true,"expansion_state":0,"options":{"engine":"r","label":"unnamed-chunk-2"},"document_id":"D66B5558","chunk_id":"ckxwa9zhweuvk","chunk_label":"unnamed-chunk-2"},{"row":85,"row_count":1,"visible":true,"expansion_state":0,"options":{"engine":"r","label":"unnamed-chunk-3"},"document_id":"D66B5558","chunk_id":"ca4osep0i82tm","chunk_label":"unnamed-chunk-3"},{"row":109,"row_count":1,"visible":true,"expansion_state":0,"options":{"engine":"r","label":"unnamed-chunk-4"},"document_id":"D66B5558","chunk_id":"ctc8wqeodb8vk","chunk_label":"unnamed-chunk-4"},{"row":124,"row_count":1,"visible":true,"expansion_state":0,"options":{"engine":"r","label":"unnamed-chunk-5"},"document_id":"D66B5558","chunk_id":"cg8mxq72hpnaq","chunk_label":"unnamed-chunk-5"},{"row":130,"row_count":1,"visible":true,"expansion_state":0,"options":{"engine":"r","label":"unnamed-chunk-6"},"document_id":"D66B5558","chunk_id":"cn4v7t7heo9zk","chunk_label":"unnamed-chunk-6"},{"row":136,"row_count":1,"visible":true,"expansion_state":0,"options":{"engine":"r","label":"unnamed-chunk-7"},"document_id":"D66B5558","chunk_id":"cv69jy9ycup00","chunk_label":"unnamed-chunk-7"},{"row":145,"row_count":1,"visible":true,"expansion_state":0,"options":{"engine":"r","label":"unnamed-chunk-8"},"document_id":"D66B5558","chunk_id":"cqc78agcynnbl","chunk_label":"unnamed-chunk-8"},{"row":170,"row_count":1,"visible":true,"expansion_state":0,"options":{"engine":"r","label":"unnamed-chunk-9"},"document_id":"D66B5558","chunk_id":"cx6bqq7dekuhp","chunk_label":"unnamed-chunk-9"},{"row":177,"row_count":1,"visible":true,"expansion_state":0,"options":{"engine":"r","label":"unnamed-chunk-10"},"document_id":"D66B5558","chunk_id":"cwkozz0tko8es","chunk_label":"unnamed-chunk-10"},{"row":224,"row_count":1,"visible":true,"expansion_state":0,"options":{"engine":"r","label":"unnamed-chunk-11"},"document_id":"D66B5558","chunk_id":"ccz8op1gno0lh","chunk_label":"unnamed-chunk-11"}],"doc_write_time":1712060745,"chunk_rendered_width":661}