{"chunk_definitions":[{"row":20,"row_count":1,"visible":true,"expansion_state":0,"options":{"engine":"r","label":"unnamed-chunk-34"},"document_id":"1EB07A82","chunk_id":"cz1au9ppea5xf","chunk_label":"unnamed-chunk-1"},{"row":107,"row_count":1,"visible":true,"expansion_state":0,"options":{"engine":"r","label":"unnamed-chunk-36"},"document_id":"1EB07A82","chunk_id":"cd2ayjaej8ntw","chunk_label":"unnamed-chunk-4"},{"row":171,"row_count":1,"visible":true,"expansion_state":0,"options":{"engine":"r","label":"unnamed-chunk-42"},"document_id":"1EB07A82","chunk_id":"crdf1b1n1v6oz","chunk_label":""},{"row":234,"row_count":1,"visible":true,"expansion_state":0,"options":{"engine":"r","label":"unnamed-chunk-43"},"document_id":"1EB07A82","chunk_id":"cic4971k9q6no","chunk_label":"unnamed-chunk-11"}],"doc_write_time":1712059177,"chunk_rendered_width":661}