{"chunk_definitions":[{"row":52,"row_count":1,"visible":true,"expansion_state":0,"options":{"engine":"r","label":"unnamed-chunk-5"},"document_id":"BD5B08B0","chunk_id":"cejqbupiggfmj","chunk_label":"repeat"},{"row":62,"row_count":1,"visible":true,"expansion_state":0,"options":{"engine":"r","label":"unnamed-chunk-9"},"document_id":"BD5B08B0","chunk_id":"cjivr8y84lw9h","chunk_label":"unnamed-chunk-2"},{"row":84,"row_count":1,"visible":true,"expansion_state":0,"options":{"engine":"r","label":"unnamed-chunk-25"},"document_id":"BD5B08B0","chunk_id":"c04poxu4onc3g","chunk_label":"unnamed-chunk-3"},{"row":108,"row_count":1,"visible":true,"expansion_state":0,"options":{"engine":"r","label":"unnamed-chunk-37"},"document_id":"BD5B08B0","chunk_id":"c04joai4tjtox","chunk_label":"unnamed-chunk-4"},{"row":122,"row_count":1,"visible":true,"expansion_state":0,"options":{"engine":"r","label":"unnamed-chunk-44"},"document_id":"BD5B08B0","chunk_id":"ce77t8gqmo4ga","chunk_label":"unnamed-chunk-5"},{"row":167,"row_count":1,"visible":true,"expansion_state":0,"options":{"engine":"r","label":"unnamed-chunk-47"},"document_id":"BD5B08B0","chunk_id":"cgjmk177iergh","chunk_label":"unnamed-chunk-9"},{"row":204,"row_count":1,"visible":true,"expansion_state":0,"options":{"engine":"r","label":"unnamed-chunk-114"},"document_id":"BD5B08B0","chunk_id":"c0achaqaoivn5","chunk_label":"unnamed-chunk-10"}],"doc_write_time":1710418031}